text,range_id,score,topic_id,label
tanya donk brp ya proses utk pinjaman dana melgkpi data pencairan pengajuan sdh sebulan belm ada kejelasan tlg donk dibantu koin wor minimal ada info status pengajuan email itingta yahoo,775,0.7930912976943577,1,2
halo admin id produk no 212019fb3f dibayar ya tgl oktober sudah lunas jt lebihnya tolong ditagihkan ya sudah menunggak sudah masuk status gagal bayar terima kasih,817,0.7756799532590785,1,1
halo admin tanya id produk no 212019fb3f dibayar ya tgl oktober sudah lunas jt lebihnya tolong ditagihkan ya sudah menunggak sudah masuk status gagal bayar,916,0.7650481487607114,1,1
halo admin tanya id produk no 212019fb3f 212019c0b0 dibayar ya tgl oktober sudah lunas jt lebihnya tolong ditagihkan ya terima kasih,1256,0.7120913974699387,1,1
dear koin works deposit tanggal des masuk sudah hub wa email telp gak ada respon,1349,0.6977923019296085,1,1
mohon info dana jadwal pembayaran maret ada saldo ya telat bayar ya,571,0.6966668650050254,1,1
dear selamat sebentar melaporkan saldo account tiba2 terpotong sudah kroscek dgn menjumlahkan dana account p2p robolending sisa dana terpotong ntah dimana mohon dibantu ya thank you,1382,0.6659464849799633,1,1
bisa tolong reply dm respon email telp ga bisa2 mohon ditanggapi keluhan terkait peringatan pembayaran kena late fee sudah pembayaran jatuh tempo mohon ditanggapi dicek,335,0.6648409617797566,1,1
halo admin bisa log in kode otp nya terima tolong diperbaiki,863,0.6533617865239499,1,1
sudah kali deposit saldo gak bertambah sudah email sabtu ada balasan,1200,0.6533549577896256,1,1
mohon bantuannya coba email ada balasan tanggal maret pendanaan tiba2 pendanaan berubah mohon bantuannya exshiufitk,408,0.6431750409006953,1,1
halo kak akun legal blm verifikasi yah tanggal blm bisa pendanaan karna terkendala mohon bantuannya,205,0.6407229036702121,1,1
halo bpk soni mohon pastikan utk kode voucher dimasukan ya utk kode voucher tsb digit angka ya tks yuma,1632,0.6364380225283268,1,2
mohon info pembayaran terlambat bayar dimana ya ditulis sudah dibayar saldonya,549,0.6267557964680867,1,1
halo free koin dr grab utk koin tsb dpt sipnpn6yq4,26,0.6265806655621016,1,2
tlg dicek id solusi pencairan nya sudah berbulan2 progress nya,460,0.6264567750122134,1,1
to mohon balas dm sy sy sdh kali mencoba utk purchase p2p via aplikasi android sll gagal pesan error,267,0.6214965491309841,1,1
hai kak mohon maaf kendala alami ya kak bella sarankan kakak menghubungi partner ya kak kakak dibantu pengajuannya silakan menghubungi nomor customer service s45 in a1qxv53b,1580,0.6201788600324025,1,2
dear tampilan user friendly susah gimana carany menampilka detail list portfolio lupa bisa dibantu,1374,0.6086526276853664,1,1
sudah sebulan ada kejelasan tlg dibantu donk,774,0.5958849204236638,1,1
dear team mohon dicek topup saldo blm masuk dgn no invoice,1426,0.5958396040344297,1,1
sudah clear cache menguninstall nya menginstall diklik kolom nominal penarikan langsung force close aplikasi,1417,0.5957285714376076,1,1
mohon info ada pembayaran maret bayar ya,580,0.5954029990294603,1,1
sudah bisa filter pinjaman sudah alokasikan dana ya,1343,0.5953956924121899,1,2
bisa redeem voucher koin ya pas diklik blank dashboard sudah install ulang kalo via desktop gimana ya mohon solusi qkylmy2yxe,899,0.5920507633050267,1,1
dear kw bisa pendanaan koinrobo ada ya mohon dibantu terima kasih,174,0.5895315932550166,1,2
mas dave sudah portfolio ga history kosong payment schedule nol ada keuangan narik dana error ojkindonesia mohon bantuannya,1491,0.5880521249402947,1,1
halo keterangan id peminjam 212019985a sudah ada keterangan ada keterangan prosesnya sudah dimana thanks,1594,0.5861081940840746,1,1
mohon info portfolio april tertulis ada pembayaran ada pembayaran tersendat pembayarannya ya,445,0.5804883054948863,1,1
nanya kl permohonan pinjaman sudah dlm antrian brp lg k proses tawaran kontrak proses pendanaan pencairan,477,0.5693106277660137,1,2
dimana pembayaran terlambat ya terkendala sudah pembayaran terlambat ada pemberitahuannya,444,0.5591415732754331,1,1
refund langsung terefleksi saldo kas menunggu selang informasi ada refund saldo kas terupdate,1315,0.5591076142911338,1,2
sd setup autopurchase acct status sdh on tdk dgn spt pakai do android mohon penjelasan,1298,0.5506128077756575,1,2
halo kampanyeku januari ada progres ya statusnya upcoming mulu mohon bantuannya terimakasih kupqpavhlw,875,0.5506124068448773,1,2
help sudah proses login step tunggu otp ada otp diterima,1532,0.5432489382841615,1,1
sudah dm ya tlg dibantu email support blm dijwb,839,0.5386046967340167,1,2
halo tny utk opsi jatuh tempo aro autowithdraw bisa diatur dmn ya aro nya pokok pinjaman bisa diatur hny pinjaman ada biaya utk hasil bunga pinjaman dihasilkan thanks ya,1316,0.5344570280542557,1,1
halo min sudah transfer des kmrn tp dananya masuk email konfirmasi sudah bbrp kali kirim mohon bantuannya,1429,0.5277636266076322,1,1
mohon penjelasan detil id pinjaman 2120190e41 2120193c23 id pinjaman sdh status terlambat bayar berbulan2 ada fee keterlambatan berubah status jdi jatuh tempo september fee keterlambatan nol,279,0.5203261182745159,1,1
terima kasih sudah terselesaikan malui email support,950,0.5150700824802269,1,2
ultra voucher kak voucher ada ya,897,0.5150150241508485,1,2
utk proses verifikasi legal ya sdh pending thx,265,0.514990374475927,1,2
portfolio berkurang tiba2 kejelasan cashflow fraud penipuan glitch aplikasi,952,0.5149573053185152,1,1
tnya porto ada already paid partially kira2 pelunasan nya max brp ya sudah indikatornya msih warna orange,1681,0.5149349159613532,1,1
thx admin sudah bisa gunain uninstal instal lg,1455,0.5148525144109519,1,2
sudah paham skrg terima kasih,893,0.514541820637884,1,2
top up pinjaman blm ada balasan email,1493,0.5145066891060002,1,1
halo ada masukan kritik sarankah pembayaran cicilan hambatan teman teman kasih mimin kritik saran keberatan dm,60,0.5138921414429339,1,2
halo kampanyeku ya februari statusnya mohon bantuannya terimakasih dmj9v5hfsb,850,0.5131320876754644,1,1
trima kasih sofiesyarief utk saran santara nya ekamiauw utk saran teman2 smua sudah cek smua tulisan stevansainsuno blogspot perjalanan berputar bikin psk bcmjcgksbk,198,0.5123848372807704,1,2
daftar sadar ada kesalahan penulisan email tulisan konfirmasi email bisa mengganti email,1680,0.5123427679391441,1,1
terima kasih teman teman sudah pakai kode referal semoga semangat yaaa investasi nyaa kode referal koin works jenius bibit bisa lihat tweets terima kasih reksadana mulaiajadulu kodereferal bibit,1571,0.5116779032259912,1,2
mandirifiesta selamat sore utk redeem kode utk dimasukkan website ya coba masukkan angka e voucher bisa tks vlni2jhe2t,1639,0.5109256857373102,1,2
depo des skrg blm masuk respon laporan slalu diteruskan prosesnya skrg gak ada bukti tindakan dm email mrk masuk sdh berlatih mngiklaskan,1321,0.5083165595385062,1,1
tanya ada pendanaan gagal bayar sudah ada pembayaran berturut2 dianggap gagal bayar dikembalikan dana provision fund ya mohon penjelasannya thanks,231,0.5075049158329289,1,1
keren feedback pengguna didengarkan perbaikannya langsung diimplementasikan a l jadwal status pembayaran peminjaman langsung muncul klausul perjanjian acara moneytalks dibenahi mantap,1682,0.5016475547707983,1,2
ada statusnya dibayar april mei ada pembayaran bisa dibantu ya,443,0.4948151299160893,1,1
pagi tanya sudah reinstall dibuka stuck logo koin hilang mohon solusinya thanks,1521,0.4902502090990421,1,1
dear bisa mengakses dati aplikasi sdh install ulang,1456,0.489925419889422,1,1
sudah seminggu pengajuan pinjaman proses ya bu,849,0.4851109457767392,1,2
dear pinjaman npl investasi koin ga ada provision fundnya ya komplain ui tampilannya ga transparan scrolling pinjaman muncul tampilan,1224,0.4777314252525218,1,1
pinjaman product id 72019eb8b dibayar sudah complaint email sudah ada email jawabannya ngambang peminjam kooperatif ukuruan kooperatif nunggak,1643,0.4762461532032511,1,1
dear tim laporan produk 2120193b7a status menunggu pencairan pinjaman sudah proses merugikan pendana total sudah terproses pinjamannya,1676,0.4738809729210866,1,1
ya bisa respon sebelibet gini sekedar status deposit diproses sudah minggu cek h120ebigoo,1340,0.4736492628124017,1,1
id lender no 212019fb3f 212019c0b0 id merurul gmail tgl oktober sudah lunas jt lebihnya tolong ditagihkan ya soalna sudah nunggak sesuai janji iklan refund dana,1245,0.4731397827269101,1,1
ilmu relasi acara dialokal diselenggarakan alfatrex tema logistik lancar bisa cuan bertempat sinou cafe melawai jaksel besok tanggal maret free entry free snacks e7fgmvnbjo,773,0.4717303447790741,1,2
gak bisa masuk akun sy bisa dibantu,1537,0.4694864579612175,1,1
iya mohon dipercepat prosesnya ya terima kasih,1291,0.4681747766994178,1,2
saham dapet tempo mas ayo bingung,973,0.4674951597988384,1,2
halo teman teman penelitian responden pengguna fintech p2p lending surveymonkey r fcn82mx ada voucher ovo dana gopay rp rb u orang beruntung terima kasih kesediaan stay safe dirumahaja newnormal vkkjsytfmk,330,0.46722646475107393,1,2
ada perubahan signifikan portfolio ngawur history penarikan penambahan dana sudah muncul seminggu nih dapet suntikan vc kaori saison,1486,0.4652800842461225,1,1
dear team info pinjaman 212019fb01 november proses pembiayaan cair mohon dibantu follow up ya sudah meleset dijanjikan makasih ya,1593,0.4644172154447286,1,1
langsung mas install aplikasinya,1132,0.4612159425638337,1,2
halo kak mengajukan perihal sponsorship ya kak,305,0.4611638687207822,1,2
okay terima kasih kak,938,0.4610764979391826,1,2
sipp trima kasih admin langsung masuk,1424,0.4609478476259224,1,2
pilih karna enak aplikasinya bingung makek aplikasinya,1373,0.4609168835230591,1,2
uang diinvest tdk langsung tersalurkan bisa minggu jd kl dipotong tunggu tsb gak p a kl ada gagal bayar kw nya bs tiba2 merestruktur pinjamannya dgn jangka cashflow jd berkurang drastis,983,0.4580064032707639,1,1
terima kasih auto purchase nya sudah bisa terima kasih respon effort nya cs official p b73lcvcgsin igshid 1skhgoijoe2zu,1240,0.4557061641762736,1,2
sudah reinstall stopped working lemot ya tdk bisa pengecekan portfolio peminjam scheduled nya mengatasinya tks,1523,0.4541872155682329,1,1
yup order history hilang schedule repayment nol barusan team dm sih semoga bisa ditangani mengecewakan bisa cek via website applikasinya tp aplikasinya error daveseta status,1511,0.4522608989310274,1,1
ayo ikutan aplikasi masukan kode referal rs02441 spy langsung dpt koin ga lsg kasih pinjaman koin dpt kmd pelajari sdh p b7psukmhqrsd2lyzfuhoqoh6uealzgnknsq2uw0 igshid 172alaww0kcwa,1332,0.44534847524973903,1,1
min tanya sy lakukan penarikan dana tgl okt okt masuk rek sy mhn penjelasan,1694,0.4452375585977686,1,1
hai admin info pocophone f1 gk bisa buka halaman detail koin p2p k1uemhy9xo,385,0.44176623744572335,1,1
gan ya melampirkan documen tambahan via browser loading pakai wifi mohon pencerahan nya gan,418,0.4408615905599082,1,1
pengajuan proses ya ujung ditolak mohon diperbaiki biar gak php,610,0.44077595864300817,1,1
dear sla process funding pencairan peminjam ya sudah status funding process berubah do i have to wait this long x9xw45nunl,1211,0.4355580884623894,1,1
kak kode promo berlaku skrg ya mw join tpi tunggu gud timg,1367,0.4292797733142429,1,2
nya jd lemot liat schedule repayment muncul dr agustus enakan deh bisa liat bulannya dpt imbal brp outstanding brp jd emosi,1466,0.4292159037927679,1,1
member email wikananto gmail account value tiba2 berkurang 1jt apapun mohon konfirmasinya,245,0.4291594159006022,1,1
coba wd tarik dana klik kotak nominal langsung force close edit akun bank masukkan bisa ya,1438,0.4246474452859402,1,2
admin sudah perbaruan aplikasi kluarnya tampilan halaman depannya ga bisa login,1512,0.4225054687272046,1,2
sudah bisa masuk tp otp nya gak terima2 sudah resend 3x gak ada sms masuk solusinya,1539,0.421005506641021,1,1
sdh investasi mar19 ada gagal bayar skrg apr20 returnnya jd dana sy sia2 kw dipotong tolong dgn details,542,0.4208597442566265,1,1
proses kerja npl nya mengerikan sudah minggu ribut admin whatsapp e mail berinvestasi catuaries status,1270,0.4188503956435719,1,1
ojkindonesia mohon diinvestigasi kekacauan fintek minggu web aplikasi error lender bisa menarik dana data error,1490,0.4174398678741672,1,1
error ya min gak muncul list nya y0690dljey,761,0.4168446741781535,1,1
aplikasinya berat susah diakses ya portfolio nilainya,1517,0.4149496365579876,1,1
buka aplikasi mentok ya mohon bantuannya fsab3xlrfp,1449,0.4149248639711003,1,1
terima kasih informasi nya min,430,0.4148825233995196,1,2
jd error ya aplikasinya close,1467,0.4147604911006718,1,1
selamat pagi bisa akses yah,1542,0.41470139270852796,1,2
no hp tertera 62812xx tiba2 berubah verifikasi 6212xx pendaftaran kali nomor sudah dikirimkan otp wa nomor sesuai knp tiba2 no hp tsb bisa berubah,884,0.4123243305342476,1,1
link share reference nggak berfungsi mohon dicek referal daftar memasukkan kode,1409,0.4120359806334986,1,2
mandiricare halo admin penukaran fiestapoin dgn koin aplikasi menunya ga muncul nih tgl desember,1403,0.4084995161822223,1,2
halo bpk dany mohon maaf bpk item tsb tdk ditemukan dikhawatirkan item sdg tdk tersedia pengkinian kembalia ya stok sudah tersedia terinformasi banner aplikasi fiestapoin tks yuma,1668,0.4083279364831791,1,2
proses verifikasi sudah minggu verifikasi proses gimana percaya investasi platform klu penangan nya lambat,283,0.40829961739921344,1,1
iseng nyari keyword ada ngalamin mas portfolio turun pendanaan turun tolong reply,965,0.4035097482172742,1,1
keterlambatan bayar peminjam infonya dimana ya akun info terbayar saldo ceknya,548,0.4024680437373445,1,1
ada respon bisa memasukkan kode voucher layar blank dashboard bug nih aplikasinya coba simulasi kalo via web ditunggu respon,886,0.401876730441233,1,2
wishlist aq id produk no 212019fb3f dibayarkan jutanya lunas terima kasih,889,0.40146133759572,1,1
tlg dibantu uang blm masuk account cash kronologi sbb feb top up account cash feb email support krn ga reflect account feb dijwb support sudah cek rekening berkala feb sampe skrg tdk ada masuk,856,0.4004250762687216,1,1
oke sudah dm ya min mohon bantuannya terima kasih,405,0.40008808176112987,1,2
pengajuan pinjaman sudah minggu antrian,798,0.4000051226760268,1,1
admin mohon penjelasan utk mengajukan pinjaman rejecd,869,0.3995812962718824,1,2
share teman teman membutuhkan info bisa cerdasbersama cepatlulusid source investasi covid19 investasisaatpandemi strategiinvestasi ovhi21zqju,28,0.398513092095252,1,2
to cek dm nya intinya mohon dipercepatlah proses penarikan masak dah kena admin 5rb 5hari cashwagon penarikannya bebas admin realtime ojkindonesia,820,0.3980528111495117,1,2
kode voucher penukaran fiesta poin nggak valid ya sudah mohon bantuannya,1625,0.39604135106215177,1,2
terima kasih sudah install versi order history kosong schedule repayment,1453,0.3948436063644306,1,1
terima kasih kak,304,0.3938984785159917,1,2
okay terima kasih,1584,0.3937028908622753,1,2
ya kirimkan email inbox ya,556,0.3936301807571223,1,2
gimana ya progress tulisannya 1x tulisannya lunas pls explain 6c6sownxgd,1388,0.3934123246098349,1,1
sudah kenal aplikasinya bermanfaat user friendly,1111,0.3933052421457616,1,2
kerjaan ya bisa didayagunakan utk menagih utang borrower lulusan uph agent goblok2,116,0.39328260626919503,1,1
setting aplikasi memunculkan notifikasi ada calon borrowers dgn kriteria,272,0.3932222729116672,1,2
halo teman teman penelitian responden pengguna fintech p2p lending surveymonkey r fcn82mx tersedia voucher ovo dana gopay rp orang beruntung terima kasih kesediaan nya sxpwmulaxk,388,0.3925786214744181,1,2
iseng coba eh muncul kode referal hm82109 senilai 350ribu,545,0.3890754915092875,1,2
menit barusan berubah statusnya semoga mention ya admin thanks anyway,1675,0.38435866111928896,1,2
screenshot excel sudah ada excelnya kirim langsung hapus buatlah ulang ngomong manis2 cerna benedicto benedictooo,119,0.3830194570171339,1,2
halo min install ulang aplikasi koinwork android sadar no telpon register salah gagal kirim otp bisa dikoreksi min,1425,0.3799610299094333,1,1
bukti trasfer email gak ada respon gqikjihoi1,1346,0.3791957837747189,1,1
iya sudah simulasi memasukkan kode voucher pas diklik kolomnya layar blank dashboard,883,0.3759387973976141,1,1
mhn maaf ktidaknyamananya bpk dany utk voucher sdg dlm proses penyediaan re stock mhn kesediaan bpk menunggu berkenan bpk dpt pengecekan scr berkala tks said,1708,0.37521168584787545,1,2
mohon maaf ketidaknyamanannya bpk soni dpt tindaklanjuti bpk dpt mengirimkan pesan email mandiricare bankmandiri co id ya tks yuma,1631,0.37412246711489255,1,2
aaaa top up saldo tp blm bisa semoga bsk udh normal,1695,0.3720763434376032,1,1
hai nanya sbg lender ada piutang jatuh tempo sdh sebulan follow up menghubungi thanks,1585,0.3695240386400181,1,1
portfolio gw berkurang signifikan tiba2 kayaknya ada aneh i sent e mail to costumer center tolong balas jg diperbaiki kejelasan ngecek,953,0.36920045256665457,1,1
buntung sudah bunganya eh modal pokok pinjaman hilang jejak ada kejelasan nasib investasi,764,0.3688541993816301,1,1
msh bisa moneydiary talk g ya kategori tiket ada info brakhir tgl okt pk m7uaicavgy,1677,0.35908290600645393,1,1
nanya februari ada terima rupiah gm7acn17zc,746,0.3586865192781388,1,1
kemarin ga bisa buka ya muncul tampilan pohon natal,1389,0.3580041677094119,1,1
mohon dibantu sudah sent dm,740,0.3543322424172445,1,2
caranyapun mudah teman teman langsung install aplikasinya super financial bisa pemberi modal peminjam mengembangkan bisnisnya,1164,0.35237517602133683,1,2
klik portfolio force close ya,1239,0.3501501086354243,1,1
sudah diceknya saldo utuh berkurang fintech gini2,937,0.35011747380744096,1,1
dear sudah ada perkembangan,1626,0.3500440531224204,1,2
buka akun eh ada nyeletuk riba dosa,1641,0.3497104738282619,1,2
212019fb3f coruadeny gmail tolong konfirmasi secepatnya via email,1231,0.34948083396234336,1,1
sensitif portfolio berkurang tiba2 kejelasan sudah kirim e mail beserta screenshot telepon dm ada solusi disuruh nunggu sudah lapor kepolisian ojk,920,0.34946415101688594,1,1
mandirifiesta halo penukaran voucher gk ada dimenua ya,1612,0.34875173174272944,1,2
dear ngasi tau kalo tampilan enak diliat ribet gak bisa liat arus kas masuk dgn nyaman,769,0.3478552753585078,1,1
aplikasi merespon email customer service butuh berhari hri hilang ada deposit kemana progresnya sudah tgl wow nih suruh invest gagu males,1384,0.3466557301700741,1,1
akun yah tdk jd koin bonus 350rb utk pendanaan bisa dicairkan diakhir tenor,1320,0.3454266659339609,1,2
min sy coba create account dimasukin kode promo nya tombol signup nya hilang ya,766,0.3454210792132633,1,1
tampilan barunya bikin bingung susah dipahami,1422,0.34422535721662073,1,1
nuker fiesta pointnya gimana ya dikatalog ngk ada,1623,0.3441716253364952,1,2
gimana mengupload dokumen tambahan ada proses pengajuan pinjaman dokumen maksudnya agsvkwgljv,754,0.3435251081280371,1,2
mendanai pinjaman grade a prosesnya bisa sebulan pengembaliannya jatuh tempo 20an oktober skrg nasibnya telp cs disuruh sabar menunggu,1445,0.34247010228368824,1,1
ojkindonesia selamat malam kak bantuan aplikasi terdaftar ojk,505,0.34192413589051346,1,2
min gimana ya access detail portfolio android,1471,0.3389913255040343,1,2
hai kontak nomor telepon ada sudah berjam jam telepon,1706,0.3335276220328689,1,1
min member coba deposit notif muncul no pembayaran kadaluarsa gmn ya thx,1305,0.33346590601779225,1,1
mencoba eksplorasi sudah lisensi pengawasan ojk cek ojk ga paham how do they control the fund loans ada npl but im willing to put lil bit of fund there,11,0.33329620714598224,1,1
hai sudah reply via dm ya tolong dicek thanks,877,0.3276159344192222,1,2
skrg juni ada kejelasan ojkindonesia mediaindonesia mediakonsumenid,216,0.3261325732668164,1,1
halo bpk dany perihal program penukaran poin fp utk koin utk investasi tgl oktober s d desember tks nala,1667,0.32181581628520906,1,2
informasi hukum sy gagal keupload kali upload pas d cek unverified status menunggu sistem verif auto,1431,0.3208143784593413,1,1
halo min email support knapa gk respon2 ya,1201,0.3202330997374763,1,1
mandirifiesta masukkan kode voucher kog salah mulu sudah,1640,0.32009661994411304,1,2
woooii aplikasinya benerin doong dah berhari2 cek portfolio isinya nol mendingan balikin deh versi cek portfolio jadwal pengembalian susah niiih apaanya super ejbuw2evzb,1359,0.3187801653699809,1,1
min login kode otp tdk bisa dimasukan,1433,0.31869966604303657,1,1
ayo dapatin koin 350rb dgn input kode referal rs02441 trus pakai koin tsb 350rb utk pinjaman 500rb jd deposit 150rb pilih tenor spy cepet cair newbie bisnis sukses resiko onc8bgesso,1324,0.3182550553425782,1,2
pinjaman produk id 920193ec2 gradea november pembayaran dibayar mohon dicairkan dana proteksi,880,0.3166008936399657,1,1
to bisa penarikan no virtual cimb nama rekening ada nama sy cuman ada ketambahan nama instansi gt bebas bea admin sama2 cimb nya,483,0.3160942720986851,1,2
i m also got this error the first error when you want to load your portfolio after that it always stuck on splash screen please fix,1501,0.3150870849234266,1,1
okedeh gitu terima kasih ya tim,1672,0.3149978913487093,1,2
lupa share teman teman cerdasbersama cepatlulusid source quarterlifecrisis anakmuda passion cobasekarang usia20an s5qnalvxqq,53,0.31496816813844203,1,2
shopeecare kak dpt penawaran pinjaman modal pinjem 76jt x 12bulan bunganya ya modalku taralite pilih bunga thanks uxdjguubnt,815,0.3128159127174656,1,2
btw aneh login masukin kode otp aneh kode otpnya gak kekirim kirim gimana masuknya coba ada opsi klo kirim kode otp sms mahal bisa coba kirim email min,1541,0.3090451155296137,1,1
halo mohon ditanggapi,742,0.307314838723566,1,2
terima kasih 5vokhuvbiz,350,0.3073016631643661,1,2
email utk,838,0.3071213709285409,1,2
lebay kak ya,641,0.30709129341073976,1,2
susah portfolio,1392,0.30699817742816354,1,1
dihardik dicecar respon buruk ya buruk,1254,0.3069975731905896,1,1
aplikasinya pendanaa ya,395,0.3069689771431689,1,2
email ya detailnya,58,0.3069174987384991,1,2
udah ta email gak ada balasan hajaoaeyqp,1347,0.3056101692147825,1,1
beruntung sih ya ada platform keuangan teman teman udah,1081,0.3022748997380701,1,2
semoga tertangani lihat proses migrasi seberantakan informasi sifatnya reaktif proaktif sudah masuk kategori krisis komunikasi sih,1510,0.3009186108877647,1,2
mandiricare mandirifiesta hy bank mandiri menu others utk tukar poin koin mohon penjelasannya thx 47ckqwyzla,1616,0.2991107685367167,1,2
terimakasih responnya sudah dm ya min mohon dibantu makasi,888,0.2968673597790046,1,2
hai kak bunga modalku taralite bisa dicek simulasinya link yah shp ee bj68vnz bit ly 2x0sq2h bit ly 39ii8gs sa,813,0.29644430124829657,1,2
niat pelaku percobaan penipuan bikin akun spt sudah akun mencoba menjebak bisa dilanjutkan kepihak berwajib p b8bihwpguid igshid p74opse7vk62,931,0.2961878626585271,1,1
halo kasih dana investasi ayo gabung detail invite,1582,0.2926571344970007,1,2
min aplikasi webnya dibenerin dnk lemot bngt ya skrg loadingnya,1366,0.2922341958520229,1,1
mantaps eh dirumah mati gaya ya kak,637,0.2919047198185337,1,2
sdh dm legend dl mohon ya,1195,0.2918131286051945,1,2
sudah dm ya silakan dicek,21,0.2912812268923397,1,2
otp gak terkirim nih gak bisa login pindahin p2p reliabel terima kasih mrspbc90hm,1518,0.2911757134776585,1,1
halo min ga nemuin aplikasinya playstore ya ada ya min install ulang ja6aqexzx2,387,0.2910662076793316,1,1
isi formnya tp utk url bisnis toko online website gak dn blm pnya bgmn,417,0.2889810671204444,1,2
masya allah beneran langsung broswing amazed beneraaann aw aw mantul langsung berbinar mataku terharu adaaa ya hehe,1194,0.2889032017956193,1,2
min mandirifiesta tanggal oktober belom update nih aplikasinya voucher masuk aplikasi kau tukar poinku hemmmm sejam zt1wcs6cep,1693,0.2786914407262502,1,2
hallo admin akses aplikasi terbaru bisa buka browser arahin aplikasi selesai terima kasih,1506,0.2774036985494048,1,1
review sudah memasuki pendanaan ragu real bussiness kaleng kaleng mudah ya pendanaan dummy koin februari kemarin mendanai murni koin referal,228,0.2771549881753721,1,2
sudah difollow up call center dikirimkan e mail mohon diakselerasi ya tks,1253,0.275523086016948,1,1
trimkasih admin mohon lakukan report akun 6p2oild2vl,582,0.2726117820615831,1,2
sudah sy dm,1653,0.2718505890996371,1,2
to mohon sy dm,1204,0.27182541217295403,1,2
knp portfolio nol,1509,0.2690978401700155,1,1
kode refferal bibit kuybibitaja tamasia 1odju57 akseleran akslelsania283800 a34042 langsung klik link invite a34042 terima kasih sudah kode refferal,1566,0.268944209099224,1,2
ok terima kasih,668,0.2689237182854085,1,2
email support kaga dibales nihhh min bantulah,1319,0.2680197756596988,1,1
okay terima kasih min,1226,0.2665558504011488,1,2
kayaknya apply deh asetku milih applynya gampang bingung navigate ui uxnya info assets manage jatuh temponya pendanaan telat ngga ada suka error error,509,0.26502501732017564,1,2
to jokowi sbg rakyat mencoba utk mengembangkan assetnya kecil2an fintek2 sprti cashwogon sdh sah terdaftar ojkindonesia terkadang ragu jg jiwasraya asabri,968,0.2628368575938267,1,2
eh udah respon twit an kak andihiyat twitnya ttg bisa keuntungan bikin penasaran membuka dg mengumumkan pembaharuan aplikasi,1177,0.26274664536932946,1,2
halo kasih dana investasi ayo gabung detil invite a96793,1561,0.25994302598026786,1,2
halo kasih dana investasi ayo gabung detil invite a37845,1563,0.25994302598026786,1,2
halo kasih dana investasi ayo gabung detil invite,1564,0.25994302598026786,1,2
halo kasih dana investasi ayo gabung detil invite a85972,1577,0.25994302598026786,1,2
halo kasih dana investasi ayo gabung detil invite a97740,1590,0.25994302598026786,1,2
halo kasih dana investasi ayo gabung detil invite a32934,1599,0.25994302598026786,1,2
halo kasih dana investasi ayo gabung detil invite a50998,1615,0.25994302598026786,1,2
halo kasih dana investasi ayo gabung detil invite a72985,1670,0.25994302598026786,1,2
halo kasih dana investasi ayo gabung detil invite a11336,1683,0.25994302598026786,1,2
halo kasih dana investasi ayo gabung detil invite a54088,1701,0.25994302598026786,1,2
halo kasih dana investasi ayo gabung detil invite a77511,1705,0.25994302598026786,1,2
halo kasih dana investasi ayo gabung detil invite a08151,1712,0.25994302598026786,1,2
portofolio bisa berkurang tiba2 kemarin sy buka normal tp koq berkurang duitnya hilang kemana,969,0.2589264033740628,1,1
dm sent tolong dibantu yah,1583,0.2563668465542359,1,2
sudah dm kemarin respon,1600,0.25503098366212923,1,1
min situs aplikasi tdk bisa diakses,1605,0.2523814271776253,1,2
informasi lengkap detail terkait bisa langsung baca website resminya,1116,0.2519069881069693,1,2
pengalaman pribadi sbg pendana dr ga pengen nerusin gegara ada case peminjam ngubah tenor ga ada notif ya udah ga ada opsi duit nyangkut smp 24bln dg resiko dr 3bln tiba2 brubah 24bln,9,0.8264396297370454,29,1
asetku mendanai 5jt 5jt ada bbrp orang minjem jd kebalik sistem nya dg si contohnya dr duit 5jt gue masukin ada bbrp orang minjem dr uang 5jt gue minjem nya 3jt gak dr gue bmk2poej77,169,0.8200150690788621,29,1
kalo pengalaman ga ada isinya gan halaman meminjam bidang usahanya loan statusnya disbursed mirip2 beli kucing dlm karung kalo bidang usaha peminjam high risk derita lu dah,382,0.7115135464869692,29,2
bertingkah sosmed min mending energi betulkan aplikasi sontoloyo fin apps sistem nya perbaiki kualitas cs nya balasan e mail kaya robot balas udah fyi orang ninggalin kw mending hijrah,794,0.6779403427406672,29,1
orang pastinya bisa investasi dg mudah total return deposito bank rate lps update,1082,0.6552850091529597,29,2
teh kalo ga salah mesti nunggu kekumpul yah si dana nya bisa diputerin,552,0.6302840821582604,29,2
fitur auto purchase android nya standby fitur tsb on biarpun hp nya mati fitur jalan,1361,0.627590290958681,29,2
bisa filter u exclude pinjman sd biayai tdk tampil marketplace apps gimana nya,932,0.6267597137441764,29,1
update versi terbaru skrng hilang factsheet nya informasi total bunga terimah,1534,0.6264190467417643,29,1
asetku kalo ga salah tkb nya ya bang kalo keknya ganyampe ya p2p ada galbay ga,585,0.6209889967844917,29,2
kemarin portofolionya ga update ya akses portofolio indikatornya muter2 ga bisa diliat dr web jg ya sbg pendana,1371,0.6202247297546133,29,1
portofolio gk kebaca yah versi hp web versi hp gk kebaca rincian pemberian pinjaman fitur laporan tahunan dihapus ya tolong ada big update pake server pengujian maksa live kayak gini,1498,0.6000458181774994,29,1
udah pake aplikasi versi terbaru disuruh update,1372,0.5957332334315719,29,2
aplikasi sempurna knp dilaunching gimana orang percaya simpan uang kalo,1504,0.5955201810370947,29,1
kepingin bisa diam rumah ga ngider ga uang hidup sehari2 mba,627,0.5947749846535824,29,2
bisa disediakan opsi aplikasi aplikasi lihat total keuntungan udah ga ada persentase persentasenya crash aplikasinya,1397,0.5873884157626468,29,1
udah ngga pake modelnya crowdfunding pake nunggu mayan pas naro duit dana ngga dijamin returnnya ngga mending uangme cashwagon asetku naro duit langsung menghasilkan dananya dijamin aman cuannya mayan,739,0.5726853858276201,29,2
bergabung sejak2017statusnya penarikanpenyetoranlancar peminjam mayoritasbayartepatwaktu jan2020 web berubah diutamakan apps status android apps crash data ktp bankhilang bisa direstoresudah lapor cs ada progress3hari,1255,0.5641735667621095,29,2
apps ga bisa dibuka ada ya,1470,0.5586157891123343,29,1
hallo coba portofolio laporan keuangan transparan ada udah jatuh tempo terbayarkan ada alasan fitur buka data lender ga bisa dibuka merekomendasikan keorang keluhan usernya tdk ditanggapi,421,0.5473966892617,29,1
bibit stock bit dll ga ngerti pake nya bingung nyebar uang kemana ga ada sales nya prospek nih sales2 fintech prospek,946,0.5469297805348414,29,2
btw gak apple to apple comparissonnya deposito product bank fintech dg karakteristik sangat2 beda dg deposito ada penjaminan disana ada logo ojk nya high risk high return udah percaya,1261,0.5381438312375777,29,2
iya salah investasi modalnya rp100 bisa dapet return ampe mayan ragu coba cari playstore masukin daftar klean dana invest feel free to ask,1020,0.5346954292974679,29,2
aplikasi playstore semoga diperbaiki serius aplikasinya biar ga ada bug jengah bet pinjaman udah jatuh tempo dikembalikan ada kejelasan ebyerdghyv,384,0.5304444300625057,29,1
salah satunya tp gue kapok pake,974,0.5149947976887173,29,2
aplikasi ngak bisa ya stlh update slalu not responding mentok doang logo,1522,0.5145400890121107,29,1
gagal bayar p2p sih tetep woles ready ada loss high return ya high risk simple as that invest demand return kelabakan loss salah si investornya,82,0.5101865170467148,29,2
dear lihat skrg fitur auto purchase hnya bisa diaktifkan aplikasi android web bisa mengaktifkannya perntanyaan fitur tsb hp menyala bgmn,1519,0.4980804682448869,29,1
sampe kpn ga bs login via aplikasinya cb login via website jg ga bs hadehhhh hadehh,1451,0.4966215653894358,29,1
sharing sih gue pake return nya pa tp tergantung grade nya high risk high return grade mempengaruhi return dapet mempengaruhi cover asuransi nya r4ixestaxn,171,0.4917147430438011,29,2
ngga informasi aplikasi ga transparan ga ada info calon peminjamnya ga ada info tanggal pinjaman ga ada info pembayaran peminjam telat suku bunga bisa berubah tiba2 potongan komisi ga konsisten dll,393,0.4912445583472994,29,1
ada bug menu portofolio ya min ga ada informasi detail pokok bunga pembayaran oqay0q8tid,1492,0.4903697044649666,29,1
yayasan undip ada bnyk ga inget stikom2 politeknik2 jg bnyk naungi undip akreditasi gitu,633,0.4808274539467249,29,2
klo so far gw liat bgt list investasinya plus variasi nya lebar dr tenor dr return lngkap dg grade resikonya additional nya y fitur auto invest nya auto purchase bs bntu lo lo kn sibuk nih tgl set kriteria dsitu,1559,0.4723873365697494,29,2
nama data ktp data bank bisa sudah bisa tarik dana menu apps membingungkan mudah versi web sistem csnya baca perkembangan silakan rekan cocok berinvestasi,947,0.4711400650807795,29,2
dm dibalas public replay biar keliatan ada response maintenance update tampilan performance lambat aplikasi android bisa halaman tampilan portofolio sulit,1514,0.4620732816434394,29,1
fitur web disunat memaksa mengunakan apps web bisa diakses hp pc mac dipaksa pakai apps utk mengakses fitur user memiliki hp ios terbaru android terkini,1406,0.4619584929504599,29,1
oalah ada kawan nya maintenis nya blom selesai lembur2,1547,0.4612151312174032,29,2
laporan laba rugi menunya udah ga ada,783,0.4611247561505533,29,1
web nya ga bisa kebuka,1687,0.4610973983967577,29,1
ditunggu updatenya yah min sempet bingung login via web disuruh buka aplikasi pas buka aplikasi disuruh kunjungi alamat url maunya coba kirain berubah super appnya bisa invest reksadana bisa 5szvklyoju,1548,0.4595392734234711,29,1
aneh ya buka browser web upload ktp nyoba freeze camera featurenya hadeh mager uang gue balikin rdn for a tech company the ux for signing is quite bad,1636,0.4560798842080396,29,1
sampe detik auto purchase cs official upgrade apps gak udah lapor by email ada rspon p b70cjlpahl6 igshid 1j6cfzdklquii,1251,0.4560652464304002,29,1
kredit ratingnya aneh fitur aplikasi nya ga lengkap you are unnotified if a lending has been late in payment tarik dana bisa makan kaya ga ada gunanya bayar potongan pinjaman from a churned customer,1624,0.452779568723432,29,2
dibuka d laptop lihat portofolio pendanaan ko zero ya mohon jawabannya was was tdinya nyoba dlu aga riskan jg,1543,0.4481608578694807,29,1
nya error muncul something went wrong ga ada data muncul udah versi terbaru,847,0.4446516320412263,29,1
aplikasi super financial membedakan si pendana si peminjam orang bisa mengakses layanan keuangan tersedia aplikasi mengatur aset pengajuan pinjaman,1098,0.4410084607401695,29,2
dana sya belom bayar statusnya ada kemana,1524,0.4400437505243183,29,1
ada uang tersisa rb set rb ada pinjaman duanya juta auto purchase bid 2x100 rb menerus bid senilai rb rb habis,1452,0.43927738238278746,29,1
milih uang belanjanya bahagia hasil oo duaduanya wkwkwk hasil otomatis bisalah uang belanjanya eitt kebablasan belanjanya ye perencanaan finansialnya,1028,0.4388015709846243,29,2
woooi duit dikemanain investasi koinrobo sudah diterima aktivitas tercatat portfolio sudah hilang dashboard ngga ada penambahan dana lapor via email telepon ga ada memuaskan balikin duit investor,1248,0.43046776418674176,29,1
dananya otomatis dikirim borrower tf ga kayak sistem saldo pencairan nya makan berhari 342a4w4uqt,457,0.4237828180560588,29,1
ga males suka kuliah ga online,644,0.4162577067873062,29,2
kompensansi keterlambatan diterima pendana cari web faq ada,936,0.4150725015154856,29,1
to barusan update apk android disana disuruh update data2 ambil foto selfi ktp berhubung device android kameranya ga bagus upgrade data via web,337,0.4119741843342955,29,2
lg ada update mba nya,1568,0.4105028637567984,29,2
ada baru2 meluncurkan keempat layanan terbaru ada aplikasinya koinp2p koinrobo koinbisnis salah satunya,1175,0.40997158227619,29,2
nyimak nih mas aman ga sih ko n ga selese2 kalo ada gagal bayar trs ada tanggung dr nya,1216,0.4088486347894722,29,1
kalo grade a duit pendanaan bisa kalo grade b kalo grade c seinget gitu sistemnya si kw ganti super transparan niatan pengen narik ganti fintech,1235,0.4085339108493666,29,2
hey cs lu kerja gak sih tiket udah ada balasan superapp not only on good design or you build with native script superapp should be have a good customer service sorry this the second time i send ticket and no any update or response pthzhyjpoz,980,0.40786908199472266,29,1
ngga bisa dibuka stuck halaman logo nya need your help to fix it,1502,0.4076640002405103,29,1
ada nih bisa akses via website aplikasi aplikasi ios error coba login ga bisa2 aplikasi android bisa tiba2 hang tolong diperbaiki benar2 ga nyaman,1545,0.40602097836618506,29,1
udah dr kemaren2 nyoba asetku dkk nya udah sempet bingung emang bener beda konsep sm reksadana karna main tokped milih syariah jg gak recommend sih kaum muslim beriman inmyopinion,926,0.40412553079701496,29,2
udah update tp gak bisa dibuka gimana,1525,0.40344781916740735,29,1
coba melengkapi data id nya apps merespon disimpan ada kendala,1485,0.4033295891031344,29,1
kalo pendanaan tenor 1bulan pengembalian dana bunga nya,757,0.4008050728317567,29,1
penarikan dana bank pendana,854,0.39752998960465785,29,2
ngga ngerti tenurenya nol rvhlkivycb,1223,0.3937190245709293,29,2
ga percaya ah,631,0.3936776592646668,29,2
situsnya ga bisa dibuka,1688,0.393662310004648,29,2
ada resikonya hidup pilihan,626,0.3936116420457044,29,2
maintenance mulu dr kmrn,1551,0.39359966389808604,29,1
parah dah aplikasi isypgodhy4,1459,0.3935182170995424,29,1
heraaaannn ada orang berkumpul ngga takut terinfeksisama,666,0.3934977599110967,29,2
outstanding berkurang semenjak update sistem,1538,0.39349250322234336,29,2
ada dana tersisa dipakai bid uang tersisa rb filter auto purchase sudah habis,1465,0.3923627590521984,29,2
return nar nyaman sih makenya so far milih investnya aman profil risk a b ada c invest kecil2 dont put your eggs in basket,1573,0.3911977882935196,29,2
bang gmna dg sy lgi nyoba knp bisa nyimpulin platform unggul thankyouu,1707,0.3904936650491561,29,2
platform investasi diterima bibit tanam duit akseleran investree bca atmnya jarang dipelosok kalo ambil duit ada biaya administrasinya bank,302,0.39022892555470345,29,2
ada pengalaman pendana investree gak honest review is appreciated,1268,0.3876653780238045,29,2
keuntungan koin takut kehilangan dana tips ada sumber dana cash koin koin grade c return tertinggi marketplace ada grade d e jarang ada check out,227,0.3826867673840024,29,2
ada invest sampe uangku gak ga tp aware bgt invest mi lisensi bisa bermasalah agi ya kayak jouska,89,0.3810942064166797,29,2
super penggunaanya membingungkan fitur laporan tahunan hilang kemana ribet simple super,1370,0.377302896697198,29,2
min webnya n appsnya ga bisa dibuka punyaku nih,848,0.37700494250200905,29,1
halo tolong bantuannya login udah request otp ga diterima coba resend tetep ga diterima kali dibilang you entered the wrong for times dpt otp nya engga gp7hec6gxj,864,0.3769703427823981,29,1
duit gw hilang investasi koinrobo dah cair tp pengembalian dana ga ada dashboard ojkindonesia evaluasi ijin fintech,1247,0.37569003836164544,29,1
aplikasi dibuka gak bisa disuruh relogin semoga dana nasabah gak ilang,1526,0.3753693107513418,29,1
ada dm gitu ya udah udah tanem investasi ga secepatnya giving them benefit of doubt,8,0.37335750018395,29,2
hallo admin aplikasi tdk bs diakses selesai maintenance,1513,0.3703457357602841,29,1
update terbaru bisa login aplikasi kendalanya ya force close,1468,0.365004543374004,29,1
min coba withdraw bank pake apps terbaru koq gak bisa mohon bantuannya,1463,0.3634746709906748,29,1
befanya dr arah pendanaan bidang bisnis edukasi perusahaan a butuh dana 1m mendanai dr 100rb sampe 1m terkumpul jd bisa danai dianggap,170,0.3621284271873432,29,2
urusan bisnis ada namanya koinbisnis pendidikan tersedia namanya koinpintar inovasi pastinya dirasakan manfaatnya orang,1036,0.35320115087370063,29,2
gan donasi indonesiapastibisa ada aplikasi re senen open donasi tes kit,608,0.3498604315558702,29,2
beli emas gue sih prefer ya kalo investasi ga kebanyakan fitur smooth teknogav status,6,0.3494565813861934,29,2
ga salah salah kalo menilai non performing loan koma sekian persen,1265,0.348951408734244,29,2
goddamnit aplikasimu bentar2 diupdate bikin repot tau nggak user ga menghadapi kerepotan update apps platformmu bisa diakses mobile web seneng kyknya lu bikin user repot,1221,0.3445734818846025,29,1
halo masuk stlah aplikasi ga bisa mentok otp ga masuk2 smsnya,1503,0.3435765160455189,29,1
haloo blm bisa login ya udah update coba fast respons,1494,0.3416836002839496,29,1
bingung bisa ada iklan diselingan iklan pusat sejarah markas tni coba cek dibalik,987,0.341029091784378,29,2
kuliah ga online bisa liat2 cowok2 ganteng live mata ya wkwk,643,0.3403612131145286,29,2
investasi mending asetku deh return nya menggiurkan tp ada gagal bayar wasalam sih,40,0.3401219402975885,29,2
buka buka portofolio ada nyangkut belom bayar tulisan pembayaran dah telat moga deh ga gagal bayar mayan jajan ketemu si mbak,1250,0.3386187293074479,29,1
kalo sistem p2p lending percaya sih lumaian coba2 haha ga berani nyimpen gede takut tetep seneng deposito bank bunga nya aman handokotjung status,835,0.3346713325953912,29,2
transaksi gak bisa udah masuk cart trs check out menu cash gak berkurang udah ah cape aplikasi sempurna rilis,1327,0.3307371138134907,29,1
udah dm ya tolong proses withdrawal dilama lamain butuh kalo ga butuh ga withdraw kali withdraw udah sukses reject alasan data nggak udah upload ktp thx,1293,0.32621456672747995,29,1
review investasi aplikasi strategi auto cuan giveaway be p7ukhzuy7xs,1301,0.3238525915473465,29,2
yoi ada p2p lending ex modalku investree property crowdfunding ex provesty retail business crowdfunding ex bizshare santara liku id high risk high return,101,0.3234926863851436,29,2
tolong dikasih tau manajemennya rilis sistem bikin versi beta dlu make sure bug free you guys hired incompetent management i will move my money elsewhere ojkindonesia,1476,0.3218649063709548,29,1
pinjam dana atm nmr atm berlaku atm saldo ada brp kalo dr 700rb disuruh isi harusbada saldo,576,0.3218439326460481,29,2
gimana gaes npl refinancing nih pinjeman hendri khaetami si orang bogor dibayar doang kabur gue udh pasrah nunggu duitnya lumayan bisa gue puterin hiks d3qoayzee7,213,0.31882917110107545,29,2
min aplikasi nya semenjak update error ya ga bisa buka hp coba buka via web gagal ganti password mohon bantuannya,1421,0.31669913390295545,29,1
min layout pc sy maintenance krn via hp jg ga bs dibuka blank need ur info thanks fnou2lb2py,1483,0.3162280415731113,29,1
bikin gue tertarik sih pendanaan ukm gitu sih modal usaha gue ngerambah online shop kecil2an doain bisa gede yak ada aamin gaji gue ga ada tabungan invest,1038,0.3157039470660217,29,2
keren jg idenya bikin tulisan web naikin engagment ujung2nya arah nya kejualan menarikk,208,0.3151328073596626,29,2
salah satunya join bingung tabungan diapain kann yaaah,1128,0.3150801263147096,29,2
nih urusan kenaikan uang belanja bu ibuk perencanaan pasangan pastinya ya bisa depannya tercipta salah satunya finansial,1031,0.3140976174051708,29,2
aplikasinya ga ada min ku masalahin,1666,0.3139029653525661,29,2
iya ditelpon butuh beroperasi sedia sayangnya ga bisa janjikan beroperasi normal,1481,0.3121928916779011,29,2
pagi sy lender bingung mail sy g d uda d update d mobile phone hp sy support finger print gmana,1544,0.3119508748851408,29,1
knp aplikasi ku ngga bisa masuk y,960,0.3119392826692385,29,1
salah solusi ganteng bisa bantu bantu nyenengin bini ga bini sih pastinya,1159,0.3109124274599853,29,2
halo kak coba buka web ngga kebuka ada trouble,1691,0.3096620782142238,29,1
ga ada pemberitahuan,1686,0.30727816086728504,29,2
ga main,1289,0.3072710590690325,29,2
tp bug lz6zbxci7z,1362,0.3072419319024943,29,2
wkwkwwk iyaaa main nya kecil2,1457,0.3072400228203592,29,2
udah mba,1047,0.3069995250171646,29,2
izzah kuliah d mna ya,642,0.3055866560605627,29,2
narik duit gini udh update aplikasi terrrrbaru yi2xddqgyp,1460,0.30349935930016064,29,1
case thn min sblm pandemi mendanai krn tenor hny bln proses peminjaman dah jalan cek portfolio kaget tenor dah berubah jd bln ada info opsi pembatalan resiko sepenuhnya ada pendana,4,0.2999573066471383,29,1
benar2 bisa dipakai upgrade besaran kemarin user pendana komplain sudah pikirkan utk pindahkan investasi channel benar2 beres,1475,0.2978270596265745,29,2
min web nya down nya bgt nasib uang lender gmn neh ojkindonesia,1553,0.2968898393320694,29,1
proses pencarian dana membutuhkan tarik dana dr tgl nov sampe blm ada perkembangan,1658,0.2963471947259396,29,1
ada perbedaan dana web skrg lihat total nilai akun bisa gagal memuat data,1484,0.29404139594055123,29,1
ada perbedaan nilai penerimaan bunga web,1375,0.28870557887838283,29,1
emas bagus pegadaian skrg byk ky gt beli emas digital ada toped ato pegadaian lgsg dana kalo udah nyampe brp gram bisa dicetak,30,0.2885595133905721,29,2
heleh loan kw bnyk ga perform ajaib bgt ada gitu ksp bogor bisa dapet pinjeman kw bayar cicilan ngilang ga filter dlu peminjamnya pdhal nama ksp namanya negatif berita lokal ama nasional,410,0.2873964726943353,29,1
akseleran telat kalo uangme cashwagon asetku ngga kalo ada gagal bayar dana dijamin aman diasuransiin,738,0.2865740018893931,29,2
mendanai marketplace peer to peer robolending blog mendanai via,941,0.2865012943693913,29,2
ga bisa penarikan yah haldwwctpw,1529,0.2851295479435321,29,1
program2 fintek sdh diawasi ojk sdh ada spt lps nya tau namanya investasi ada resikonya uang hilang ya gimana ya,967,0.28488928093801874,29,2
return oke sesuai standard mostly sesuai portofolio resiko grade a b bisa bayar,1266,0.28175041689765723,29,2
senasib bro ga transparan qzrmtomeaf,211,0.2761012856423376,29,1
dianya gak balas bang,1202,0.2732565640980951,29,1
bisa ya aplikasi website,1312,0.2710708075872312,29,2
fitur auto purchase sdh normal lg,1369,0.27088511946643434,29,2
kebanyakan orang jawa sumatera tercatat pengguna nya ada produk koinpintar penyaluran dana pendidikan mantul udah kenal,1126,0.27029155264953064,29,2
paman pake ga need reviewnya kamsia,741,0.2700900494998432,29,2
main reksadana ga dil,416,0.2690012452766343,29,2
tarik disuruh tunggu penagihan kunjung tertagih,1232,0.26893931770414603,29,2
bilang mba tegur lapor rt,628,0.2689384836616215,29,2
sudah lapor cs pengerjaan,1246,0.2687809023413121,29,2
situs lu mati kalo weekend,1604,0.2684765166836715,29,1
usul saring filter pinjaman sudah dipinjami double mendanai pinjaman aplikasi,1488,0.26630102251816395,29,2
mandirifiesta min udah november voucher dijanjikan ada oktober desember website bankmandiri tetep ga ada maksudnya sih min rycaicgkc6,1669,0.2634935752266728,29,2
website ga bisa lihat info detail peminjam,1464,0.26347560958587124,29,1
bang nemu twit pas search dah stop prospek kedepan kira2 gmna bang makasi sy juli,1225,0.26257481390165865,29,2
well gue nyoba redeem koin shopee gue dapet voucher partner ya rezeki kali gitu better gue save ps gue ambi ngumpulin koin shopee rp fokus deh lol,1634,0.2625506067566768,29,2
hei sodariku caca sebangsa tanah sebangsa air kuliah rajin ya jngn malas2san bisa jd lulusan terbaik,645,0.26201573598653,29,2
saldo referall gw dpt ko hilang bener ga aaplikasi sy udh email jg ga dijwb parah lo,1479,0.2612838990337191,29,1
holla dilovers bilang mendanai didanai super financial apps sulit program get to know panduan memudahkan pendana p b teygcaa igshid 1qj2bfpufwjv1,553,0.2565141741409027,29,2
gak bisa dibuka ya,1550,0.254386531514433,29,2
iyaa emang ga kemana teh,681,0.2525908788950598,29,2
meningkatkan udah bagus bagus menurun dibanding aplikasi rating playstore ga nyadar sih fix cari template gini mulu jawabannya,1386,0.25234416497534434,29,2
jg gak masuk2 infonya jg trus website ad pendanaan aktif total invest jd bingung,1497,0.2514654538376706,29,1
web nya error zfthhy8goi,90,0.2512295793041845,29,1
halo min nanya koin p2p cair td pagi masuk available cash profitnya ya dana gak masuk,256,0.6272165819416172,7,1
tolong cek dm ya min thanks,118,0.5592075376922615,7,2
min tolong cek dm ya accpunt value berkurang,954,0.5591745669253655,7,2
halo min bantu cek dm ya thankyou,1592,0.5590428940052281,7,2
min dana jatem april koq masuk oasang status dm ga baca,324,0.5518180037452104,7,1
tolong cek dm akun makasih,767,0.5151222025159353,7,2
halo min cek dm ya,1381,0.5150748222547226,7,2
cek tabungan cek brankas cek sertifikat cek reksa cek ovo cek go pay cek hitung ora cukuuuuup geringgingen moco twit iki wedaaaaas,1328,0.5109951282049022,7,2
halo min nanya login susah ya otp masuk sms registrasi upload ktp gagal berulang kali coba,659,0.5026493372348894,7,1
knp feb gak cair gmn sih ampe masuk maret ats5mizp9i,819,0.4860181072815498,7,1
Mei Tai Qian Shu Wei Sheng He Zuo Bei Wang Lu Mei Wei Sheng Bu Chang Zhi Chi Tai Wan De Min Zhu Kai Fang Tou Ming dlvr it rdmpmx,70,0.4684786693869297,7,2
hmm mending balas dm kemarin min terkait pendanaan,949,0.4680248700331866,7,1
tolong cek dm trims,830,0.4612656741515328,7,2
tolong cek dm min,1311,0.4612656551437782,7,2
cek dm ya min,37,0.4612483765540463,7,2
tolong cek dm ya,624,0.4612438442723302,7,2
halo kaa harap cek dm ya thankss,927,0.461186068495949,7,2
halo min dm dibalas,1401,0.4611406248468658,7,2
min semoga rizqi ku lancar aamiin,795,0.4611318355015476,7,2
min dm lwt trs ada tlp kode ygbdikirim ib bri sebutin ga saldo berkurang koq bisa ya dm akun terverifiksai balasnya penipu tau isi dm,573,0.4587589384361577,7,1
min dm tolong baca ya,326,0.4457923664658779,7,2
halo min tny koin penfaftar br kosong ya mohon cek dm ya,1586,0.4271316981016511,7,1
pagi min tanya knp gak bisa top up saldo bca virtual account ya situ tertulis ada tagihan trims ganti password koinworksnya trims,1697,0.4241716417245266,7,2
okay thanks min grace periodnya ya dinyatakan pinjaman defaulted,1591,0.4151206781323926,7,2
to tolong dm masak an gak direspon skali ylki id ojkindonesia,966,0.4150540185348117,7,1
min jadwal money talks jakarta thanks,1610,0.4149950434791992,7,2
min cek dm bantu ya terima kasih,317,0.4149187757746669,7,2
withdrawal rek bank proses nya brp ya min kemarin ad withdrawal sampe masuk masuk,818,0.412353700053858,7,1
sudah dm min cek ya,290,0.4051836770686631,7,2
sudah dm ya min thanks,254,0.4014162223830325,7,2
sudah update apl gak bisa login otp gak terkirim,1536,0.4003115715590976,7,2
gabisa login ya min login gagal mihon coba gitu,1689,0.3941595104632231,7,2
dm dm dm,803,0.3939380738219179,7,2
cek dm min,828,0.3939245500659796,7,2
min cek dm,1647,0.3939245500659796,7,2
tolong cek dm,771,0.3939175927596705,7,2
cek dm ya,1326,0.3938911759265434,7,2
halo min dibalas,1394,0.3937373893530189,7,2
gaji cair min,832,0.3937021237180611,7,2
kode otp masuk masuk sms nya,456,0.3935651750334626,7,2
kakakk bisa masuk akun ni maintenance tolong akuu,1458,0.3773706653541236,7,2
min gak bisa set up bank account gak bisa withdrawal ada solusi,1330,0.3729891370910929,7,1
sudah dm min tolong dicek trims,287,0.37115010354268585,7,2
menerima sms konfirmasi akun tolong info sms snc9upwtdg,1713,0.3674015611836679,7,2
udah dm ya min,1404,0.3672863521844517,7,2
halobca pagi tanya top up saldo bca virtual account memasukan no virtual account disitu tertulis tagihan tersedia ya trims,1696,0.3647970897673658,7,2
tried to login to my account but stuck in the otp i received no sms my number displayed are correct pls help,1531,0.3644206874442184,7,1
selamat siang admin tolong cek dm ya,266,0.36391112312388496,7,2
identifikasi dana tunggal akun terisi ya akun kelengkapan profilnya sisa dokumen terverifikasi alasan trims,75,0.3614641490814075,7,2
sudah bls dm nya semoga cepat tanggapi thanks,1478,0.3597409657250312,7,2
min cek dm ya terima kasih,1405,0.3580843395106061,7,2
tolong cek dm ya terima kasih,1294,0.3499643656960194,7,2
update profil kol gak bisa ya,1508,0.3496505925511822,7,1
withdrawal mei failed udah coba website tolong cepat perbaiki,313,0.34875832264171397,7,1
okay kirim dm ya,1242,0.34874282504169624,7,2
ada rumusnya min itunganya gmn ya liat tgl jatoh tempo gmn ya makasi d25rwacukn,929,0.3486352010615732,7,1
halo min nanya gunain koin gmna ya koin gak bisa beli koinrobo,859,0.3469964569706278,7,2
piye min deployment kerja wkwkwk semoga cepet pulih ya,1685,0.3425670045372451,7,2
halo min mohon cek dm ya ada kendala ttg withdrawal penulisan nomor rekening via email slow respon makasih,1469,0.3293868404726117,7,2
sudah dm ya tolong direply,1480,0.3277488632108021,7,2
min akun ada pembayaran maret cair ya,579,0.3217923346585739,7,2
bisa login errornya email temukan tolong bantu dkykmozd76,1549,0.3147052246364211,7,1
oke ntr mlm klw gak lupa,693,0.3138273348419036,7,2
min gak dijawab2 dm miminnya kena dampak wfh gak ada kuota internet ya,614,0.31319360996646545,7,1
rekomendasi om lupa hehe,312,0.3073591572896591,7,2
dm min,816,0.3073580464214545,7,2
min nanya,1520,0.30734044043796765,7,2
cek dm,836,0.3073310238885976,7,2
miin cek dm,934,0.3073310238885976,7,2
dm cek,1290,0.3073310238885976,7,2
okay thanks penjelasannya,1587,0.3073260157572369,7,2
aamiin ya allah,676,0.3072958272608325,7,2
dm sent ya,1385,0.30729476770573816,7,2
dm ya,1678,0.30729476770573816,7,2
server maintenance ya,1555,0.3072765843730045,7,2
reply dm,800,0.30717462197725465,7,2
dibalas yak min,295,0.307150426916917,7,2
mbak semoga terjaga wabah ya aamiin,655,0.301854020207547,7,2
pd summary akun cash ribu total principal juta account value juta withdrawal cash kemana total principal pinjol pinjamanonline,1579,0.2991947994925529,7,2
min bisa penarikan ya keterangannya server busy,1527,0.2972811470208607,7,1
bro knp yah akun kaga jd krn thanks,1318,0.29363752430059714,7,2
halo gak direspon skali dm gimana nih ojkindonesia ylki id,1197,0.2911361378982874,7,1
Kua Jing Dian Shang Wai Mao Ya Ma Xun koinworksJie Shao koinworksPing Tai Li Yong Zi Shen Yan Fa De Ji Qi Xue Xi Ji Zhu Jiang Jie Kuan Ren Yu Qian Zai Dai Kuan Ren Jin Xing Pi Pei Zhong Dian Jie Jue Zhong Di Shou Ru Ge Ren Ji Xiao Wei Qi Ye De Rong Zi Xu Qiu Ping Tai Yun Xu Jie Kuan Ren Zai Wang Shang Shen Qing Mei Yue Di Li Lu De Dai Kuan Fan Wei Nang Yuan Wen Lian Jie ikjzd w 7p3blztkvb,69,0.28833122656426696,7,2
min bisa utk update profile yah,1499,0.286141543818373,7,2
min pgn tau prrformance brp invest brp imbal hasilnya gmn ya thanks,1376,0.2860299460612744,7,2
baca dm min,572,0.2853296244174041,7,2
tolong keluhan dm dibaca ditanggapi udah berjamur dianggurin 10hari,581,0.28075061393220296,7,1
udah direply ya min,1432,0.28050520109032,7,2
sudah update aplikasi pas masukkan kode otp nggak ada sms masuk czjoq0sbdc,1535,0.2774639532375873,7,12
tolong cek min perjanjian oktober tp sampe ga uangnya mstsbjvvsn,1243,0.2766083004614077,7,1
ya ampun min update terbaru kemundurannya tolong developer membaca feedback google play serius ya ratingnya rendah tuh update terbaru,1331,0.27621574128730064,7,1
tiktokHe Wei Xin Zhun Bei Qi Su Mei Guo Feng Sha Ling Hua Wei Bai Su Bu Li Qi Sheng Su Qian Jing dlvr it rdn1by,1061,0.2689828334319105,7,2
okeesip makasih infonya min,1674,0.2689393461994369,7,2
min check your dm,745,0.2689386481486836,7,2
please check dm response thanks,3,0.2689271697187957,7,2
cek dm nya,810,0.2689177170008665,7,2
sip thx jawabannya dm,964,0.26888562948534583,7,2
works thanks ya,1447,0.2688599179676786,7,2
down ya bisa login 9yc0fn1suv,846,0.2688429709771899,7,2
min suka crash ya,1489,0.26873336457874497,7,2
gak bisa ditelpon ya skarang ktxh8zhrli,1345,0.2686660564280973,7,1
singkatnya dicover modalnya ya bunga didapatkan diganti ya,1597,0.2685090623942141,7,2
sudah dm min,307,0.26843503345738323,7,2
noted min sudah dm,1222,0.26843503345738323,7,2
sudah cek dm,1297,0.2683759416892725,7,2
podo zah rak kuat nek kon ndekem neng omah ya allah cepat jalan,646,0.2683620105191745,7,2
apps nya ya kemarin maintenance nxyrznwow9,1554,0.2670009843830202,7,1
min tanya cek profile peminjam skrng gimana thank you,1439,0.2625385248575245,7,2
maintenance ya bayar ga bisa ya,1556,0.2614452469538921,7,1
realita berinvestasi p2p lending pahit sbg lender easy way to make money ya duit lender nyangkut ga tagih nggak non performing borrower laywookcom status,15,0.25502551027381376,7,1
pagi min cek portfolio aplikasi gagal memuat ya browsing buka web ada gangguan s1hxf8gmps,1317,0.2513596054110755,7,1
